"GEO_ID","id"
"NAME","Geographic Area Name"
"S2201_C01_001E","Estimate!!Total!!Households"
"S2201_C01_001M","Margin of Error!!Total!!Households"
"S2201_C01_002E","Estimate!!Total!!Households!!With one or more people in the household 60 years and over"
"S2201_C01_002M","Margin of Error!!Total!!Households!!With one or more people in the household 60 years and over"
"S2201_C01_003E","Estimate!!Total!!Households!!No people in the household 60 years and over"
"S2201_C01_003M","Margin of Error!!Total!!Households!!No people in the household 60 years and over"
"S2201_C01_004E","Estimate!!Total!!Households!!Married-couple family"
"S2201_C01_004M","Margin of Error!!Total!!Households!!Married-couple family"
"S2201_C01_005E","Estimate!!Total!!Households!!Other family:"
"S2201_C01_005M","Margin of Error!!Total!!Households!!Other family:"
"S2201_C01_006E","Estimate!!Total!!Households!!Other family:!!Male householder, no spouse present"
"S2201_C01_006M","Margin of Error!!Total!!Households!!Other family:!!Male householder, no spouse present"
"S2201_C01_007E","Estimate!!Total!!Households!!Other family:!!Female householder, no spouse present"
"S2201_C01_007M","Margin of Error!!Total!!Households!!Other family:!!Female householder, no spouse present"
"S2201_C01_008E","Estimate!!Total!!Households!!Nonfamily households"
"S2201_C01_008M","Margin of Error!!Total!!Households!!Nonfamily households"
"S2201_C01_009E","Estimate!!Total!!Households!!With children under 18 years"
"S2201_C01_009M","Margin of Error!!Total!!Households!!With children under 18 years"
"S2201_C01_010E","Estimate!!Total!!Households!!With children under 18 years!!Married-couple family"
"S2201_C01_010M","Margin of Error!!Total!!Households!!With children under 18 years!!Married-couple family"
"S2201_C01_011E","Estimate!!Total!!Households!!With children under 18 years!!Other family:"
"S2201_C01_011M","Margin of Error!!Total!!Households!!With children under 18 years!!Other family:"
"S2201_C01_012E","Estimate!!Total!!Households!!With children under 18 years!!Other family:!!Male householder, no spouse present"
"S2201_C01_012M","Margin of Error!!Total!!Households!!With children under 18 years!!Other family:!!Male householder, no spouse present"
"S2201_C01_013E","Estimate!!Total!!Households!!With children under 18 years!!Other family:!!Female householder, no spouse present"
"S2201_C01_013M","Margin of Error!!Total!!Households!!With children under 18 years!!Other family:!!Female householder, no spouse present"
"S2201_C01_014E","Estimate!!Total!!Households!!With children under 18 years!!Nonfamily households"
"S2201_C01_014M","Margin of Error!!Total!!Households!!With children under 18 years!!Nonfamily households"
"S2201_C01_015E","Estimate!!Total!!Households!!No children under 18 years"
"S2201_C01_015M","Margin of Error!!Total!!Households!!No children under 18 years"
"S2201_C01_016E","Estimate!!Total!!Households!!No children under 18 years!!Married-couple family"
"S2201_C01_016M","Margin of Error!!Total!!Households!!No children under 18 years!!Married-couple family"
"S2201_C01_017E","Estimate!!Total!!Households!!No children under 18 years!!Other family:"
"S2201_C01_017M","Margin of Error!!Total!!Households!!No children under 18 years!!Other family:"
"S2201_C01_018E","Estimate!!Total!!Households!!No children under 18 years!!Other family:!!Male householder, no spouse present"
"S2201_C01_018M","Margin of Error!!Total!!Households!!No children under 18 years!!Other family:!!Male householder, no spouse present"
"S2201_C01_019E","Estimate!!Total!!Households!!No children under 18 years!!Other family:!!Female householder, no spouse present"
"S2201_C01_019M","Margin of Error!!Total!!Households!!No children under 18 years!!Other family:!!Female householder, no spouse present"
"S2201_C01_020E","Estimate!!Total!!Households!!No children under 18 years!!Nonfamily households"
"S2201_C01_020M","Margin of Error!!Total!!Households!!No children under 18 years!!Nonfamily households"
"S2201_C01_021E","Estimate!!Total!!Households!!POVERTY STATUS IN THE PAST 12 MONTHS!!Below poverty level"
"S2201_C01_021M","Margin of Error!!Total!!Households!!POVERTY STATUS IN THE PAST 12 MONTHS!!Below poverty level"
"S2201_C01_022E","Estimate!!Total!!Households!!POVERTY STATUS IN THE PAST 12 MONTHS!!At or above  poverty level"
"S2201_C01_022M","Margin of Error!!Total!!Households!!POVERTY STATUS IN THE PAST 12 MONTHS!!At or above  poverty level"
"S2201_C01_023E","Estimate!!Total!!Households!!DISABILITY STATUS!!With one or more people with a disability"
"S2201_C01_023M","Margin of Error!!Total!!Households!!DISABILITY STATUS!!With one or more people with a disability"
"S2201_C01_024E","Estimate!!Total!!Households!!DISABILITY STATUS!!With no persons with a disability"
"S2201_C01_024M","Margin of Error!!Total!!Households!!DISABILITY STATUS!!With no persons with a disability"
"S2201_C01_025E","Estimate!!Total!!Households!!RACE AND HISPANIC OR LATINO ORIGIN OF HOUSEHOLDER!!White alone"
"S2201_C01_025M","Margin of Error!!Total!!Households!!RACE AND HISPANIC OR LATINO ORIGIN OF HOUSEHOLDER!!White alone"
"S2201_C01_026E","Estimate!!Total!!Households!!RACE AND HISPANIC OR LATINO ORIGIN OF HOUSEHOLDER!!Black or African American alone"
"S2201_C01_026M","Margin of Error!!Total!!Households!!RACE AND HISPANIC OR LATINO ORIGIN OF HOUSEHOLDER!!Black or African American alone"
"S2201_C01_027E","Estimate!!Total!!Households!!RACE AND HISPANIC OR LATINO ORIGIN OF HOUSEHOLDER!!American Indian and Alaska Native alone"
"S2201_C01_027M","Margin of Error!!Total!!Households!!RACE AND HISPANIC OR LATINO ORIGIN OF HOUSEHOLDER!!American Indian and Alaska Native alone"
"S2201_C01_028E","Estimate!!Total!!Households!!RACE AND HISPANIC OR LATINO ORIGIN OF HOUSEHOLDER!!Asian alone"
"S2201_C01_028M","Margin of Error!!Total!!Households!!RACE AND HISPANIC OR LATINO ORIGIN OF HOUSEHOLDER!!Asian alone"
"S2201_C01_029E","Estimate!!Total!!Households!!RACE AND HISPANIC OR LATINO ORIGIN OF HOUSEHOLDER!!Native Hawaiian and Other Pacific Islander alone"
"S2201_C01_029M","Margin of Error!!Total!!Households!!RACE AND HISPANIC OR LATINO ORIGIN OF HOUSEHOLDER!!Native Hawaiian and Other Pacific Islander alone"
"S2201_C01_030E","Estimate!!Total!!Households!!RACE AND HISPANIC OR LATINO ORIGIN OF HOUSEHOLDER!!Some other race alone"
"S2201_C01_030M","Margin of Error!!Total!!Households!!RACE AND HISPANIC OR LATINO ORIGIN OF HOUSEHOLDER!!Some other race alone"
"S2201_C01_031E","Estimate!!Total!!Households!!RACE AND HISPANIC OR LATINO ORIGIN OF HOUSEHOLDER!!Two or more races"
"S2201_C01_031M","Margin of Error!!Total!!Households!!RACE AND HISPANIC OR LATINO ORIGIN OF HOUSEHOLDER!!Two or more races"
"S2201_C01_032E","Estimate!!Total!!Households!!RACE AND HISPANIC OR LATINO ORIGIN OF HOUSEHOLDER!!Hispanic or Latino origin (of any race)"
"S2201_C01_032M","Margin of Error!!Total!!Households!!RACE AND HISPANIC OR LATINO ORIGIN OF HOUSEHOLDER!!Hispanic or Latino origin (of any race)"
"S2201_C01_033E","Estimate!!Total!!Households!!RACE AND HISPANIC OR LATINO ORIGIN OF HOUSEHOLDER!!White alone, not Hispanic or Latino"
"S2201_C01_033M","Margin of Error!!Total!!Households!!RACE AND HISPANIC OR LATINO ORIGIN OF HOUSEHOLDER!!White alone, not Hispanic or Latino"
"S2201_C01_034E","Estimate!!Total!!Households!!HOUSEHOLD INCOME IN THE PAST 12 MONTHS (IN 2019 INFLATION-ADJUSTED DOLLARS)!!Median income (dollars)"
"S2201_C01_034M","Margin of Error!!Total!!Households!!HOUSEHOLD INCOME IN THE PAST 12 MONTHS (IN 2019 INFLATION-ADJUSTED DOLLARS)!!Median income (dollars)"
"S2201_C01_035E","Estimate!!Total!!WORK STATUS!!Families"
"S2201_C01_035M","Margin of Error!!Total!!WORK STATUS!!Families"
"S2201_C01_036E","Estimate!!Total!!WORK STATUS!!Families!!No workers in past 12 months"
"S2201_C01_036M","Margin of Error!!Total!!WORK STATUS!!Families!!No workers in past 12 months"
"S2201_C01_037E","Estimate!!Total!!WORK STATUS!!Families!!1 worker in past 12 months"
"S2201_C01_037M","Margin of Error!!Total!!WORK STATUS!!Families!!1 worker in past 12 months"
"S2201_C01_038E","Estimate!!Total!!WORK STATUS!!Families!!2 or more workers in past 12 months"
"S2201_C01_038M","Margin of Error!!Total!!WORK STATUS!!Families!!2 or more workers in past 12 months"
"S2201_C02_001E","Estimate!!Percent!!Households"
"S2201_C02_001M","Margin of Error!!Percent!!Households"
"S2201_C02_002E","Estimate!!Percent!!Households!!With one or more people in the household 60 years and over"
"S2201_C02_002M","Margin of Error!!Percent!!Households!!With one or more people in the household 60 years and over"
"S2201_C02_003E","Estimate!!Percent!!Households!!No people in the household 60 years and over"
"S2201_C02_003M","Margin of Error!!Percent!!Households!!No people in the household 60 years and over"
"S2201_C02_004E","Estimate!!Percent!!Households!!Married-couple family"
"S2201_C02_004M","Margin of Error!!Percent!!Households!!Married-couple family"
"S2201_C02_005E","Estimate!!Percent!!Households!!Other family:"
"S2201_C02_005M","Margin of Error!!Percent!!Households!!Other family:"
"S2201_C02_006E","Estimate!!Percent!!Households!!Other family:!!Male householder, no spouse present"
"S2201_C02_006M","Margin of Error!!Percent!!Households!!Other family:!!Male householder, no spouse present"
"S2201_C02_007E","Estimate!!Percent!!Households!!Other family:!!Female householder, no spouse present"
"S2201_C02_007M","Margin of Error!!Percent!!Households!!Other family:!!Female householder, no spouse present"
"S2201_C02_008E","Estimate!!Percent!!Households!!Nonfamily households"
"S2201_C02_008M","Margin of Error!!Percent!!Households!!Nonfamily households"
"S2201_C02_009E","Estimate!!Percent!!Households!!With children under 18 years"
"S2201_C02_009M","Margin of Error!!Percent!!Households!!With children under 18 years"
"S2201_C02_010E","Estimate!!Percent!!Households!!With children under 18 years!!Married-couple family"
"S2201_C02_010M","Margin of Error!!Percent!!Households!!With children under 18 years!!Married-couple family"
"S2201_C02_011E","Estimate!!Percent!!Households!!With children under 18 years!!Other family:"
"S2201_C02_011M","Margin of Error!!Percent!!Households!!With children under 18 years!!Other family:"
"S2201_C02_012E","Estimate!!Percent!!Households!!With children under 18 years!!Other family:!!Male householder, no spouse present"
"S2201_C02_012M","Margin of Error!!Percent!!Households!!With children under 18 years!!Other family:!!Male householder, no spouse present"
"S2201_C02_013E","Estimate!!Percent!!Households!!With children under 18 years!!Other family:!!Female householder, no spouse present"
"S2201_C02_013M","Margin of Error!!Percent!!Households!!With children under 18 years!!Other family:!!Female householder, no spouse present"
"S2201_C02_014E","Estimate!!Percent!!Households!!With children under 18 years!!Nonfamily households"
"S2201_C02_014M","Margin of Error!!Percent!!Households!!With children under 18 years!!Nonfamily households"
"S2201_C02_015E","Estimate!!Percent!!Households!!No children under 18 years"
"S2201_C02_015M","Margin of Error!!Percent!!Households!!No children under 18 years"
"S2201_C02_016E","Estimate!!Percent!!Households!!No children under 18 years!!Married-couple family"
"S2201_C02_016M","Margin of Error!!Percent!!Households!!No children under 18 years!!Married-couple family"
"S2201_C02_017E","Estimate!!Percent!!Households!!No children under 18 years!!Other family:"
"S2201_C02_017M","Margin of Error!!Percent!!Households!!No children under 18 years!!Other family:"
"S2201_C02_018E","Estimate!!Percent!!Households!!No children under 18 years!!Other family:!!Male householder, no spouse present"
"S2201_C02_018M","Margin of Error!!Percent!!Households!!No children under 18 years!!Other family:!!Male householder, no spouse present"
"S2201_C02_019E","Estimate!!Percent!!Households!!No children under 18 years!!Other family:!!Female householder, no spouse present"
"S2201_C02_019M","Margin of Error!!Percent!!Households!!No children under 18 years!!Other family:!!Female householder, no spouse present"
"S2201_C02_020E","Estimate!!Percent!!Households!!No children under 18 years!!Nonfamily households"
"S2201_C02_020M","Margin of Error!!Percent!!Households!!No children under 18 years!!Nonfamily households"
"S2201_C02_021E","Estimate!!Percent!!Households!!POVERTY STATUS IN THE PAST 12 MONTHS!!Below poverty level"
"S2201_C02_021M","Margin of Error!!Percent!!Households!!POVERTY STATUS IN THE PAST 12 MONTHS!!Below poverty level"
"S2201_C02_022E","Estimate!!Percent!!Households!!POVERTY STATUS IN THE PAST 12 MONTHS!!At or above  poverty level"
"S2201_C02_022M","Margin of Error!!Percent!!Households!!POVERTY STATUS IN THE PAST 12 MONTHS!!At or above  poverty level"
"S2201_C02_023E","Estimate!!Percent!!Households!!DISABILITY STATUS!!With one or more people with a disability"
"S2201_C02_023M","Margin of Error!!Percent!!Households!!DISABILITY STATUS!!With one or more people with a disability"
"S2201_C02_024E","Estimate!!Percent!!Households!!DISABILITY STATUS!!With no persons with a disability"
"S2201_C02_024M","Margin of Error!!Percent!!Households!!DISABILITY STATUS!!With no persons with a disability"
"S2201_C02_025E","Estimate!!Percent!!Households!!RACE AND HISPANIC OR LATINO ORIGIN OF HOUSEHOLDER!!White alone"
"S2201_C02_025M","Margin of Error!!Percent!!Households!!RACE AND HISPANIC OR LATINO ORIGIN OF HOUSEHOLDER!!White alone"
"S2201_C02_026E","Estimate!!Percent!!Households!!RACE AND HISPANIC OR LATINO ORIGIN OF HOUSEHOLDER!!Black or African American alone"
"S2201_C02_026M","Margin of Error!!Percent!!Households!!RACE AND HISPANIC OR LATINO ORIGIN OF HOUSEHOLDER!!Black or African American alone"
"S2201_C02_027E","Estimate!!Percent!!Households!!RACE AND HISPANIC OR LATINO ORIGIN OF HOUSEHOLDER!!American Indian and Alaska Native alone"
"S2201_C02_027M","Margin of Error!!Percent!!Households!!RACE AND HISPANIC OR LATINO ORIGIN OF HOUSEHOLDER!!American Indian and Alaska Native alone"
"S2201_C02_028E","Estimate!!Percent!!Households!!RACE AND HISPANIC OR LATINO ORIGIN OF HOUSEHOLDER!!Asian alone"
"S2201_C02_028M","Margin of Error!!Percent!!Households!!RACE AND HISPANIC OR LATINO ORIGIN OF HOUSEHOLDER!!Asian alone"
"S2201_C02_029E","Estimate!!Percent!!Households!!RACE AND HISPANIC OR LATINO ORIGIN OF HOUSEHOLDER!!Native Hawaiian and Other Pacific Islander alone"
"S2201_C02_029M","Margin of Error!!Percent!!Households!!RACE AND HISPANIC OR LATINO ORIGIN OF HOUSEHOLDER!!Native Hawaiian and Other Pacific Islander alone"
"S2201_C02_030E","Estimate!!Percent!!Households!!RACE AND HISPANIC OR LATINO ORIGIN OF HOUSEHOLDER!!Some other race alone"
"S2201_C02_030M","Margin of Error!!Percent!!Households!!RACE AND HISPANIC OR LATINO ORIGIN OF HOUSEHOLDER!!Some other race alone"
"S2201_C02_031E","Estimate!!Percent!!Households!!RACE AND HISPANIC OR LATINO ORIGIN OF HOUSEHOLDER!!Two or more races"
"S2201_C02_031M","Margin of Error!!Percent!!Households!!RACE AND HISPANIC OR LATINO ORIGIN OF HOUSEHOLDER!!Two or more races"
"S2201_C02_032E","Estimate!!Percent!!Households!!RACE AND HISPANIC OR LATINO ORIGIN OF HOUSEHOLDER!!Hispanic or Latino origin (of any race)"
"S2201_C02_032M","Margin of Error!!Percent!!Households!!RACE AND HISPANIC OR LATINO ORIGIN OF HOUSEHOLDER!!Hispanic or Latino origin (of any race)"
"S2201_C02_033E","Estimate!!Percent!!Households!!RACE AND HISPANIC OR LATINO ORIGIN OF HOUSEHOLDER!!White alone, not Hispanic or Latino"
"S2201_C02_033M","Margin of Error!!Percent!!Households!!RACE AND HISPANIC OR LATINO ORIGIN OF HOUSEHOLDER!!White alone, not Hispanic or Latino"
"S2201_C02_034E","Estimate!!Percent!!Households!!HOUSEHOLD INCOME IN THE PAST 12 MONTHS (IN 2019 INFLATION-ADJUSTED DOLLARS)!!Median income (dollars)"
"S2201_C02_034M","Margin of Error!!Percent!!Households!!HOUSEHOLD INCOME IN THE PAST 12 MONTHS (IN 2019 INFLATION-ADJUSTED DOLLARS)!!Median income (dollars)"
"S2201_C02_035E","Estimate!!Percent!!WORK STATUS!!Families"
"S2201_C02_035M","Margin of Error!!Percent!!WORK STATUS!!Families"
"S2201_C02_036E","Estimate!!Percent!!WORK STATUS!!Families!!No workers in past 12 months"
"S2201_C02_036M","Margin of Error!!Percent!!WORK STATUS!!Families!!No workers in past 12 months"
"S2201_C02_037E","Estimate!!Percent!!WORK STATUS!!Families!!1 worker in past 12 months"
"S2201_C02_037M","Margin of Error!!Percent!!WORK STATUS!!Families!!1 worker in past 12 months"
"S2201_C02_038E","Estimate!!Percent!!WORK STATUS!!Families!!2 or more workers in past 12 months"
"S2201_C02_038M","Margin of Error!!Percent!!WORK STATUS!!Families!!2 or more workers in past 12 months"
"S2201_C03_001E","Estimate!!Households receiving food stamps/SNAP!!Households"
"S2201_C03_001M","Margin of Error!!Households receiving food stamps/SNAP!!Households"
"S2201_C03_002E","Estimate!!Households receiving food stamps/SNAP!!Households!!With one or more people in the household 60 years and over"
"S2201_C03_002M","Margin of Error!!Households receiving food stamps/SNAP!!Households!!With one or more people in the household 60 years and over"
"S2201_C03_003E","Estimate!!Households receiving food stamps/SNAP!!Households!!No people in the household 60 years and over"
"S2201_C03_003M","Margin of Error!!Households receiving food stamps/SNAP!!Households!!No people in the household 60 years and over"
"S2201_C03_004E","Estimate!!Households receiving food stamps/SNAP!!Households!!Married-couple family"
"S2201_C03_004M","Margin of Error!!Households receiving food stamps/SNAP!!Households!!Married-couple family"
"S2201_C03_005E","Estimate!!Households receiving food stamps/SNAP!!Households!!Other family:"
"S2201_C03_005M","Margin of Error!!Households receiving food stamps/SNAP!!Households!!Other family:"
"S2201_C03_006E","Estimate!!Households receiving food stamps/SNAP!!Households!!Other family:!!Male householder, no spouse present"
"S2201_C03_006M","Margin of Error!!Households receiving food stamps/SNAP!!Households!!Other family:!!Male householder, no spouse present"
"S2201_C03_007E","Estimate!!Households receiving food stamps/SNAP!!Households!!Other family:!!Female householder, no spouse present"
"S2201_C03_007M","Margin of Error!!Households receiving food stamps/SNAP!!Households!!Other family:!!Female householder, no spouse present"
"S2201_C03_008E","Estimate!!Households receiving food stamps/SNAP!!Households!!Nonfamily households"
"S2201_C03_008M","Margin of Error!!Households receiving food stamps/SNAP!!Households!!Nonfamily households"
"S2201_C03_009E","Estimate!!Households receiving food stamps/SNAP!!Households!!With children under 18 years"
"S2201_C03_009M","Margin of Error!!Households receiving food stamps/SNAP!!Households!!With children under 18 years"
"S2201_C03_010E","Estimate!!Households receiving food stamps/SNAP!!Households!!With children under 18 years!!Married-couple family"
"S2201_C03_010M","Margin of Error!!Households receiving food stamps/SNAP!!Households!!With children under 18 years!!Married-couple family"
"S2201_C03_011E","Estimate!!Households receiving food stamps/SNAP!!Households!!With children under 18 years!!Other family:"
"S2201_C03_011M","Margin of Error!!Households receiving food stamps/SNAP!!Households!!With children under 18 years!!Other family:"
"S2201_C03_012E","Estimate!!Households receiving food stamps/SNAP!!Households!!With children under 18 years!!Other family:!!Male householder, no spouse present"
"S2201_C03_012M","Margin of Error!!Households receiving food stamps/SNAP!!Households!!With children under 18 years!!Other family:!!Male householder, no spouse present"
"S2201_C03_013E","Estimate!!Households receiving food stamps/SNAP!!Households!!With children under 18 years!!Other family:!!Female householder, no spouse present"
"S2201_C03_013M","Margin of Error!!Households receiving food stamps/SNAP!!Households!!With children under 18 years!!Other family:!!Female householder, no spouse present"
"S2201_C03_014E","Estimate!!Households receiving food stamps/SNAP!!Households!!With children under 18 years!!Nonfamily households"
"S2201_C03_014M","Margin of Error!!Households receiving food stamps/SNAP!!Households!!With children under 18 years!!Nonfamily households"
"S2201_C03_015E","Estimate!!Households receiving food stamps/SNAP!!Households!!No children under 18 years"
"S2201_C03_015M","Margin of Error!!Households receiving food stamps/SNAP!!Households!!No children under 18 years"
"S2201_C03_016E","Estimate!!Households receiving food stamps/SNAP!!Households!!No children under 18 years!!Married-couple family"
"S2201_C03_016M","Margin of Error!!Households receiving food stamps/SNAP!!Households!!No children under 18 years!!Married-couple family"
"S2201_C03_017E","Estimate!!Households receiving food stamps/SNAP!!Households!!No children under 18 years!!Other family:"
"S2201_C03_017M","Margin of Error!!Households receiving food stamps/SNAP!!Households!!No children under 18 years!!Other family:"
"S2201_C03_018E","Estimate!!Households receiving food stamps/SNAP!!Households!!No children under 18 years!!Other family:!!Male householder, no spouse present"
"S2201_C03_018M","Margin of Error!!Households receiving food stamps/SNAP!!Households!!No children under 18 years!!Other family:!!Male householder, no spouse present"
"S2201_C03_019E","Estimate!!Households receiving food stamps/SNAP!!Households!!No children under 18 years!!Other family:!!Female householder, no spouse present"
"S2201_C03_019M","Margin of Error!!Households receiving food stamps/SNAP!!Households!!No children under 18 years!!Other family:!!Female householder, no spouse present"
"S2201_C03_020E","Estimate!!Households receiving food stamps/SNAP!!Households!!No children under 18 years!!Nonfamily households"
"S2201_C03_020M","Margin of Error!!Households receiving food stamps/SNAP!!Households!!No children under 18 years!!Nonfamily households"
"S2201_C03_021E","Estimate!!Households receiving food stamps/SNAP!!Households!!POVERTY STATUS IN THE PAST 12 MONTHS!!Below poverty level"
"S2201_C03_021M","Margin of Error!!Households receiving food stamps/SNAP!!Households!!POVERTY STATUS IN THE PAST 12 MONTHS!!Below poverty level"
"S2201_C03_022E","Estimate!!Households receiving food stamps/SNAP!!Households!!POVERTY STATUS IN THE PAST 12 MONTHS!!At or above  poverty level"
"S2201_C03_022M","Margin of Error!!Households receiving food stamps/SNAP!!Households!!POVERTY STATUS IN THE PAST 12 MONTHS!!At or above  poverty level"
"S2201_C03_023E","Estimate!!Households receiving food stamps/SNAP!!Households!!DISABILITY STATUS!!With one or more people with a disability"
"S2201_C03_023M","Margin of Error!!Households receiving food stamps/SNAP!!Households!!DISABILITY STATUS!!With one or more people with a disability"
"S2201_C03_024E","Estimate!!Households receiving food stamps/SNAP!!Households!!DISABILITY STATUS!!With no persons with a disability"
"S2201_C03_024M","Margin of Error!!Households receiving food stamps/SNAP!!Households!!DISABILITY STATUS!!With no persons with a disability"
"S2201_C03_025E","Estimate!!Households receiving food stamps/SNAP!!Households!!RACE AND HISPANIC OR LATINO ORIGIN OF HOUSEHOLDER!!White alone"
"S2201_C03_025M","Margin of Error!!Households receiving food stamps/SNAP!!Households!!RACE AND HISPANIC OR LATINO ORIGIN OF HOUSEHOLDER!!White alone"
"S2201_C03_026E","Estimate!!Households receiving food stamps/SNAP!!Households!!RACE AND HISPANIC OR LATINO ORIGIN OF HOUSEHOLDER!!Black or African American alone"
"S2201_C03_026M","Margin of Error!!Households receiving food stamps/SNAP!!Households!!RACE AND HISPANIC OR LATINO ORIGIN OF HOUSEHOLDER!!Black or African American alone"
"S2201_C03_027E","Estimate!!Households receiving food stamps/SNAP!!Households!!RACE AND HISPANIC OR LATINO ORIGIN OF HOUSEHOLDER!!American Indian and Alaska Native alone"
"S2201_C03_027M","Margin of Error!!Households receiving food stamps/SNAP!!Households!!RACE AND HISPANIC OR LATINO ORIGIN OF HOUSEHOLDER!!American Indian and Alaska Native alone"
"S2201_C03_028E","Estimate!!Households receiving food stamps/SNAP!!Households!!RACE AND HISPANIC OR LATINO ORIGIN OF HOUSEHOLDER!!Asian alone"
"S2201_C03_028M","Margin of Error!!Households receiving food stamps/SNAP!!Households!!RACE AND HISPANIC OR LATINO ORIGIN OF HOUSEHOLDER!!Asian alone"
"S2201_C03_029E","Estimate!!Households receiving food stamps/SNAP!!Households!!RACE AND HISPANIC OR LATINO ORIGIN OF HOUSEHOLDER!!Native Hawaiian and Other Pacific Islander alone"
"S2201_C03_029M","Margin of Error!!Households receiving food stamps/SNAP!!Households!!RACE AND HISPANIC OR LATINO ORIGIN OF HOUSEHOLDER!!Native Hawaiian and Other Pacific Islander alone"
"S2201_C03_030E","Estimate!!Households receiving food stamps/SNAP!!Households!!RACE AND HISPANIC OR LATINO ORIGIN OF HOUSEHOLDER!!Some other race alone"
"S2201_C03_030M","Margin of Error!!Households receiving food stamps/SNAP!!Households!!RACE AND HISPANIC OR LATINO ORIGIN OF HOUSEHOLDER!!Some other race alone"
"S2201_C03_031E","Estimate!!Households receiving food stamps/SNAP!!Households!!RACE AND HISPANIC OR LATINO ORIGIN OF HOUSEHOLDER!!Two or more races"
"S2201_C03_031M","Margin of Error!!Households receiving food stamps/SNAP!!Households!!RACE AND HISPANIC OR LATINO ORIGIN OF HOUSEHOLDER!!Two or more races"
"S2201_C03_032E","Estimate!!Households receiving food stamps/SNAP!!Households!!RACE AND HISPANIC OR LATINO ORIGIN OF HOUSEHOLDER!!Hispanic or Latino origin (of any race)"
"S2201_C03_032M","Margin of Error!!Households receiving food stamps/SNAP!!Households!!RACE AND HISPANIC OR LATINO ORIGIN OF HOUSEHOLDER!!Hispanic or Latino origin (of any race)"
"S2201_C03_033E","Estimate!!Households receiving food stamps/SNAP!!Households!!RACE AND HISPANIC OR LATINO ORIGIN OF HOUSEHOLDER!!White alone, not Hispanic or Latino"
"S2201_C03_033M","Margin of Error!!Households receiving food stamps/SNAP!!Households!!RACE AND HISPANIC OR LATINO ORIGIN OF HOUSEHOLDER!!White alone, not Hispanic or Latino"
"S2201_C03_034E","Estimate!!Households receiving food stamps/SNAP!!Households!!HOUSEHOLD INCOME IN THE PAST 12 MONTHS (IN 2019 INFLATION-ADJUSTED DOLLARS)!!Median income (dollars)"
"S2201_C03_034M","Margin of Error!!Households receiving food stamps/SNAP!!Households!!HOUSEHOLD INCOME IN THE PAST 12 MONTHS (IN 2019 INFLATION-ADJUSTED DOLLARS)!!Median income (dollars)"
"S2201_C03_035E","Estimate!!Households receiving food stamps/SNAP!!WORK STATUS!!Families"
"S2201_C03_035M","Margin of Error!!Households receiving food stamps/SNAP!!WORK STATUS!!Families"
"S2201_C03_036E","Estimate!!Households receiving food stamps/SNAP!!WORK STATUS!!Families!!No workers in past 12 months"
"S2201_C03_036M","Margin of Error!!Households receiving food stamps/SNAP!!WORK STATUS!!Families!!No workers in past 12 months"
"S2201_C03_037E","Estimate!!Households receiving food stamps/SNAP!!WORK STATUS!!Families!!1 worker in past 12 months"
"S2201_C03_037M","Margin of Error!!Households receiving food stamps/SNAP!!WORK STATUS!!Families!!1 worker in past 12 months"
"S2201_C03_038E","Estimate!!Households receiving food stamps/SNAP!!WORK STATUS!!Families!!2 or more workers in past 12 months"
"S2201_C03_038M","Margin of Error!!Households receiving food stamps/SNAP!!WORK STATUS!!Families!!2 or more workers in past 12 months"
"S2201_C04_001E","Estimate!!Percent households receiving food stamps/SNAP!!Households"
"S2201_C04_001M","Margin of Error!!Percent households receiving food stamps/SNAP!!Households"
"S2201_C04_002E","Estimate!!Percent households receiving food stamps/SNAP!!Households!!With one or more people in the household 60 years and over"
"S2201_C04_002M","Margin of Error!!Percent households receiving food stamps/SNAP!!Households!!With one or more people in the household 60 years and over"
"S2201_C04_003E","Estimate!!Percent households receiving food stamps/SNAP!!Households!!No people in the household 60 years and over"
"S2201_C04_003M","Margin of Error!!Percent households receiving food stamps/SNAP!!Households!!No people in the household 60 years and over"
"S2201_C04_004E","Estimate!!Percent households receiving food stamps/SNAP!!Households!!Married-couple family"
"S2201_C04_004M","Margin of Error!!Percent households receiving food stamps/SNAP!!Households!!Married-couple family"
"S2201_C04_005E","Estimate!!Percent households receiving food stamps/SNAP!!Households!!Other family:"
"S2201_C04_005M","Margin of Error!!Percent households receiving food stamps/SNAP!!Households!!Other family:"
"S2201_C04_006E","Estimate!!Percent households receiving food stamps/SNAP!!Households!!Other family:!!Male householder, no spouse present"
"S2201_C04_006M","Margin of Error!!Percent households receiving food stamps/SNAP!!Households!!Other family:!!Male householder, no spouse present"
"S2201_C04_007E","Estimate!!Percent households receiving food stamps/SNAP!!Households!!Other family:!!Female householder, no spouse present"
"S2201_C04_007M","Margin of Error!!Percent households receiving food stamps/SNAP!!Households!!Other family:!!Female householder, no spouse present"
"S2201_C04_008E","Estimate!!Percent households receiving food stamps/SNAP!!Households!!Nonfamily households"
"S2201_C04_008M","Margin of Error!!Percent households receiving food stamps/SNAP!!Households!!Nonfamily households"
"S2201_C04_009E","Estimate!!Percent households receiving food stamps/SNAP!!Households!!With children under 18 years"
"S2201_C04_009M","Margin of Error!!Percent households receiving food stamps/SNAP!!Households!!With children under 18 years"
"S2201_C04_010E","Estimate!!Percent households receiving food stamps/SNAP!!Households!!With children under 18 years!!Married-couple family"
"S2201_C04_010M","Margin of Error!!Percent households receiving food stamps/SNAP!!Households!!With children under 18 years!!Married-couple family"
"S2201_C04_011E","Estimate!!Percent households receiving food stamps/SNAP!!Households!!With children under 18 years!!Other family:"
"S2201_C04_011M","Margin of Error!!Percent households receiving food stamps/SNAP!!Households!!With children under 18 years!!Other family:"
"S2201_C04_012E","Estimate!!Percent households receiving food stamps/SNAP!!Households!!With children under 18 years!!Other family:!!Male householder, no spouse present"
"S2201_C04_012M","Margin of Error!!Percent households receiving food stamps/SNAP!!Households!!With children under 18 years!!Other family:!!Male householder, no spouse present"
"S2201_C04_013E","Estimate!!Percent households receiving food stamps/SNAP!!Households!!With children under 18 years!!Other family:!!Female householder, no spouse present"
"S2201_C04_013M","Margin of Error!!Percent households receiving food stamps/SNAP!!Households!!With children under 18 years!!Other family:!!Female householder, no spouse present"
"S2201_C04_014E","Estimate!!Percent households receiving food stamps/SNAP!!Households!!With children under 18 years!!Nonfamily households"
"S2201_C04_014M","Margin of Error!!Percent households receiving food stamps/SNAP!!Households!!With children under 18 years!!Nonfamily households"
"S2201_C04_015E","Estimate!!Percent households receiving food stamps/SNAP!!Households!!No children under 18 years"
"S2201_C04_015M","Margin of Error!!Percent households receiving food stamps/SNAP!!Households!!No children under 18 years"
"S2201_C04_016E","Estimate!!Percent households receiving food stamps/SNAP!!Households!!No children under 18 years!!Married-couple family"
"S2201_C04_016M","Margin of Error!!Percent households receiving food stamps/SNAP!!Households!!No children under 18 years!!Married-couple family"
"S2201_C04_017E","Estimate!!Percent households receiving food stamps/SNAP!!Households!!No children under 18 years!!Other family:"
"S2201_C04_017M","Margin of Error!!Percent households receiving food stamps/SNAP!!Households!!No children under 18 years!!Other family:"
"S2201_C04_018E","Estimate!!Percent households receiving food stamps/SNAP!!Households!!No children under 18 years!!Other family:!!Male householder, no spouse present"
"S2201_C04_018M","Margin of Error!!Percent households receiving food stamps/SNAP!!Households!!No children under 18 years!!Other family:!!Male householder, no spouse present"
"S2201_C04_019E","Estimate!!Percent households receiving food stamps/SNAP!!Households!!No children under 18 years!!Other family:!!Female householder, no spouse present"
"S2201_C04_019M","Margin of Error!!Percent households receiving food stamps/SNAP!!Households!!No children under 18 years!!Other family:!!Female householder, no spouse present"
"S2201_C04_020E","Estimate!!Percent households receiving food stamps/SNAP!!Households!!No children under 18 years!!Nonfamily households"
"S2201_C04_020M","Margin of Error!!Percent households receiving food stamps/SNAP!!Households!!No children under 18 years!!Nonfamily households"
"S2201_C04_021E","Estimate!!Percent households receiving food stamps/SNAP!!Households!!POVERTY STATUS IN THE PAST 12 MONTHS!!Below poverty level"
"S2201_C04_021M","Margin of Error!!Percent households receiving food stamps/SNAP!!Households!!POVERTY STATUS IN THE PAST 12 MONTHS!!Below poverty level"
"S2201_C04_022E","Estimate!!Percent households receiving food stamps/SNAP!!Households!!POVERTY STATUS IN THE PAST 12 MONTHS!!At or above  poverty level"
"S2201_C04_022M","Margin of Error!!Percent households receiving food stamps/SNAP!!Households!!POVERTY STATUS IN THE PAST 12 MONTHS!!At or above  poverty level"
"S2201_C04_023E","Estimate!!Percent households receiving food stamps/SNAP!!Households!!DISABILITY STATUS!!With one or more people with a disability"
"S2201_C04_023M","Margin of Error!!Percent households receiving food stamps/SNAP!!Households!!DISABILITY STATUS!!With one or more people with a disability"
"S2201_C04_024E","Estimate!!Percent households receiving food stamps/SNAP!!Households!!DISABILITY STATUS!!With no persons with a disability"
"S2201_C04_024M","Margin of Error!!Percent households receiving food stamps/SNAP!!Households!!DISABILITY STATUS!!With no persons with a disability"
"S2201_C04_025E","Estimate!!Percent households receiving food stamps/SNAP!!Households!!RACE AND HISPANIC OR LATINO ORIGIN OF HOUSEHOLDER!!White alone"
"S2201_C04_025M","Margin of Error!!Percent households receiving food stamps/SNAP!!Households!!RACE AND HISPANIC OR LATINO ORIGIN OF HOUSEHOLDER!!White alone"
"S2201_C04_026E","Estimate!!Percent households receiving food stamps/SNAP!!Households!!RACE AND HISPANIC OR LATINO ORIGIN OF HOUSEHOLDER!!Black or African American alone"
"S2201_C04_026M","Margin of Error!!Percent households receiving food stamps/SNAP!!Households!!RACE AND HISPANIC OR LATINO ORIGIN OF HOUSEHOLDER!!Black or African American alone"
"S2201_C04_027E","Estimate!!Percent households receiving food stamps/SNAP!!Households!!RACE AND HISPANIC OR LATINO ORIGIN OF HOUSEHOLDER!!American Indian and Alaska Native alone"
"S2201_C04_027M","Margin of Error!!Percent households receiving food stamps/SNAP!!Households!!RACE AND HISPANIC OR LATINO ORIGIN OF HOUSEHOLDER!!American Indian and Alaska Native alone"
"S2201_C04_028E","Estimate!!Percent households receiving food stamps/SNAP!!Households!!RACE AND HISPANIC OR LATINO ORIGIN OF HOUSEHOLDER!!Asian alone"
"S2201_C04_028M","Margin of Error!!Percent households receiving food stamps/SNAP!!Households!!RACE AND HISPANIC OR LATINO ORIGIN OF HOUSEHOLDER!!Asian alone"
"S2201_C04_029E","Estimate!!Percent households receiving food stamps/SNAP!!Households!!RACE AND HISPANIC OR LATINO ORIGIN OF HOUSEHOLDER!!Native Hawaiian and Other Pacific Islander alone"
"S2201_C04_029M","Margin of Error!!Percent households receiving food stamps/SNAP!!Households!!RACE AND HISPANIC OR LATINO ORIGIN OF HOUSEHOLDER!!Native Hawaiian and Other Pacific Islander alone"
"S2201_C04_030E","Estimate!!Percent households receiving food stamps/SNAP!!Households!!RACE AND HISPANIC OR LATINO ORIGIN OF HOUSEHOLDER!!Some other race alone"
"S2201_C04_030M","Margin of Error!!Percent households receiving food stamps/SNAP!!Households!!RACE AND HISPANIC OR LATINO ORIGIN OF HOUSEHOLDER!!Some other race alone"
"S2201_C04_031E","Estimate!!Percent households receiving food stamps/SNAP!!Households!!RACE AND HISPANIC OR LATINO ORIGIN OF HOUSEHOLDER!!Two or more races"
"S2201_C04_031M","Margin of Error!!Percent households receiving food stamps/SNAP!!Households!!RACE AND HISPANIC OR LATINO ORIGIN OF HOUSEHOLDER!!Two or more races"
"S2201_C04_032E","Estimate!!Percent households receiving food stamps/SNAP!!Households!!RACE AND HISPANIC OR LATINO ORIGIN OF HOUSEHOLDER!!Hispanic or Latino origin (of any race)"
"S2201_C04_032M","Margin of Error!!Percent households receiving food stamps/SNAP!!Households!!RACE AND HISPANIC OR LATINO ORIGIN OF HOUSEHOLDER!!Hispanic or Latino origin (of any race)"
"S2201_C04_033E","Estimate!!Percent households receiving food stamps/SNAP!!Households!!RACE AND HISPANIC OR LATINO ORIGIN OF HOUSEHOLDER!!White alone, not Hispanic or Latino"
"S2201_C04_033M","Margin of Error!!Percent households receiving food stamps/SNAP!!Households!!RACE AND HISPANIC OR LATINO ORIGIN OF HOUSEHOLDER!!White alone, not Hispanic or Latino"
"S2201_C04_034E","Estimate!!Percent households receiving food stamps/SNAP!!Households!!HOUSEHOLD INCOME IN THE PAST 12 MONTHS (IN 2019 INFLATION-ADJUSTED DOLLARS)!!Median income (dollars)"
"S2201_C04_034M","Margin of Error!!Percent households receiving food stamps/SNAP!!Households!!HOUSEHOLD INCOME IN THE PAST 12 MONTHS (IN 2019 INFLATION-ADJUSTED DOLLARS)!!Median income (dollars)"
"S2201_C04_035E","Estimate!!Percent households receiving food stamps/SNAP!!WORK STATUS!!Families"
"S2201_C04_035M","Margin of Error!!Percent households receiving food stamps/SNAP!!WORK STATUS!!Families"
"S2201_C04_036E","Estimate!!Percent households receiving food stamps/SNAP!!WORK STATUS!!Families!!No workers in past 12 months"
"S2201_C04_036M","Margin of Error!!Percent households receiving food stamps/SNAP!!WORK STATUS!!Families!!No workers in past 12 months"
"S2201_C04_037E","Estimate!!Percent households receiving food stamps/SNAP!!WORK STATUS!!Families!!1 worker in past 12 months"
"S2201_C04_037M","Margin of Error!!Percent households receiving food stamps/SNAP!!WORK STATUS!!Families!!1 worker in past 12 months"
"S2201_C04_038E","Estimate!!Percent households receiving food stamps/SNAP!!WORK STATUS!!Families!!2 or more workers in past 12 months"
"S2201_C04_038M","Margin of Error!!Percent households receiving food stamps/SNAP!!WORK STATUS!!Families!!2 or more workers in past 12 months"
"S2201_C05_001E","Estimate!!Households not receiving food stamps/SNAP!!Households"
"S2201_C05_001M","Margin of Error!!Households not receiving food stamps/SNAP!!Households"
"S2201_C05_002E","Estimate!!Households not receiving food stamps/SNAP!!Households!!With one or more people in the household 60 years and over"
"S2201_C05_002M","Margin of Error!!Households not receiving food stamps/SNAP!!Households!!With one or more people in the household 60 years and over"
"S2201_C05_003E","Estimate!!Households not receiving food stamps/SNAP!!Households!!No people in the household 60 years and over"
"S2201_C05_003M","Margin of Error!!Households not receiving food stamps/SNAP!!Households!!No people in the household 60 years and over"
"S2201_C05_004E","Estimate!!Households not receiving food stamps/SNAP!!Households!!Married-couple family"
"S2201_C05_004M","Margin of Error!!Households not receiving food stamps/SNAP!!Households!!Married-couple family"
"S2201_C05_005E","Estimate!!Households not receiving food stamps/SNAP!!Households!!Other family:"
"S2201_C05_005M","Margin of Error!!Households not receiving food stamps/SNAP!!Households!!Other family:"
"S2201_C05_006E","Estimate!!Households not receiving food stamps/SNAP!!Households!!Other family:!!Male householder, no spouse present"
"S2201_C05_006M","Margin of Error!!Households not receiving food stamps/SNAP!!Households!!Other family:!!Male householder, no spouse present"
"S2201_C05_007E","Estimate!!Households not receiving food stamps/SNAP!!Households!!Other family:!!Female householder, no spouse present"
"S2201_C05_007M","Margin of Error!!Households not receiving food stamps/SNAP!!Households!!Other family:!!Female householder, no spouse present"
"S2201_C05_008E","Estimate!!Households not receiving food stamps/SNAP!!Households!!Nonfamily households"
"S2201_C05_008M","Margin of Error!!Households not receiving food stamps/SNAP!!Households!!Nonfamily households"
"S2201_C05_009E","Estimate!!Households not receiving food stamps/SNAP!!Households!!With children under 18 years"
"S2201_C05_009M","Margin of Error!!Households not receiving food stamps/SNAP!!Households!!With children under 18 years"
"S2201_C05_010E","Estimate!!Households not receiving food stamps/SNAP!!Households!!With children under 18 years!!Married-couple family"
"S2201_C05_010M","Margin of Error!!Households not receiving food stamps/SNAP!!Households!!With children under 18 years!!Married-couple family"
"S2201_C05_011E","Estimate!!Households not receiving food stamps/SNAP!!Households!!With children under 18 years!!Other family:"
"S2201_C05_011M","Margin of Error!!Households not receiving food stamps/SNAP!!Households!!With children under 18 years!!Other family:"
"S2201_C05_012E","Estimate!!Households not receiving food stamps/SNAP!!Households!!With children under 18 years!!Other family:!!Male householder, no spouse present"
"S2201_C05_012M","Margin of Error!!Households not receiving food stamps/SNAP!!Households!!With children under 18 years!!Other family:!!Male householder, no spouse present"
"S2201_C05_013E","Estimate!!Households not receiving food stamps/SNAP!!Households!!With children under 18 years!!Other family:!!Female householder, no spouse present"
"S2201_C05_013M","Margin of Error!!Households not receiving food stamps/SNAP!!Households!!With children under 18 years!!Other family:!!Female householder, no spouse present"
"S2201_C05_014E","Estimate!!Households not receiving food stamps/SNAP!!Households!!With children under 18 years!!Nonfamily households"
"S2201_C05_014M","Margin of Error!!Households not receiving food stamps/SNAP!!Households!!With children under 18 years!!Nonfamily households"
"S2201_C05_015E","Estimate!!Households not receiving food stamps/SNAP!!Households!!No children under 18 years"
"S2201_C05_015M","Margin of Error!!Households not receiving food stamps/SNAP!!Households!!No children under 18 years"
"S2201_C05_016E","Estimate!!Households not receiving food stamps/SNAP!!Households!!No children under 18 years!!Married-couple family"
"S2201_C05_016M","Margin of Error!!Households not receiving food stamps/SNAP!!Households!!No children under 18 years!!Married-couple family"
"S2201_C05_017E","Estimate!!Households not receiving food stamps/SNAP!!Households!!No children under 18 years!!Other family:"
"S2201_C05_017M","Margin of Error!!Households not receiving food stamps/SNAP!!Households!!No children under 18 years!!Other family:"
"S2201_C05_018E","Estimate!!Households not receiving food stamps/SNAP!!Households!!No children under 18 years!!Other family:!!Male householder, no spouse present"
"S2201_C05_018M","Margin of Error!!Households not receiving food stamps/SNAP!!Households!!No children under 18 years!!Other family:!!Male householder, no spouse present"
"S2201_C05_019E","Estimate!!Households not receiving food stamps/SNAP!!Households!!No children under 18 years!!Other family:!!Female householder, no spouse present"
"S2201_C05_019M","Margin of Error!!Households not receiving food stamps/SNAP!!Households!!No children under 18 years!!Other family:!!Female householder, no spouse present"
"S2201_C05_020E","Estimate!!Households not receiving food stamps/SNAP!!Households!!No children under 18 years!!Nonfamily households"
"S2201_C05_020M","Margin of Error!!Households not receiving food stamps/SNAP!!Households!!No children under 18 years!!Nonfamily households"
"S2201_C05_021E","Estimate!!Households not receiving food stamps/SNAP!!Households!!POVERTY STATUS IN THE PAST 12 MONTHS!!Below poverty level"
"S2201_C05_021M","Margin of Error!!Households not receiving food stamps/SNAP!!Households!!POVERTY STATUS IN THE PAST 12 MONTHS!!Below poverty level"
"S2201_C05_022E","Estimate!!Households not receiving food stamps/SNAP!!Households!!POVERTY STATUS IN THE PAST 12 MONTHS!!At or above  poverty level"
"S2201_C05_022M","Margin of Error!!Households not receiving food stamps/SNAP!!Households!!POVERTY STATUS IN THE PAST 12 MONTHS!!At or above  poverty level"
"S2201_C05_023E","Estimate!!Households not receiving food stamps/SNAP!!Households!!DISABILITY STATUS!!With one or more people with a disability"
"S2201_C05_023M","Margin of Error!!Households not receiving food stamps/SNAP!!Households!!DISABILITY STATUS!!With one or more people with a disability"
"S2201_C05_024E","Estimate!!Households not receiving food stamps/SNAP!!Households!!DISABILITY STATUS!!With no persons with a disability"
"S2201_C05_024M","Margin of Error!!Households not receiving food stamps/SNAP!!Households!!DISABILITY STATUS!!With no persons with a disability"
"S2201_C05_025E","Estimate!!Households not receiving food stamps/SNAP!!Households!!RACE AND HISPANIC OR LATINO ORIGIN OF HOUSEHOLDER!!White alone"
"S2201_C05_025M","Margin of Error!!Households not receiving food stamps/SNAP!!Households!!RACE AND HISPANIC OR LATINO ORIGIN OF HOUSEHOLDER!!White alone"
"S2201_C05_026E","Estimate!!Households not receiving food stamps/SNAP!!Households!!RACE AND HISPANIC OR LATINO ORIGIN OF HOUSEHOLDER!!Black or African American alone"
"S2201_C05_026M","Margin of Error!!Households not receiving food stamps/SNAP!!Households!!RACE AND HISPANIC OR LATINO ORIGIN OF HOUSEHOLDER!!Black or African American alone"
"S2201_C05_027E","Estimate!!Households not receiving food stamps/SNAP!!Households!!RACE AND HISPANIC OR LATINO ORIGIN OF HOUSEHOLDER!!American Indian and Alaska Native alone"
"S2201_C05_027M","Margin of Error!!Households not receiving food stamps/SNAP!!Households!!RACE AND HISPANIC OR LATINO ORIGIN OF HOUSEHOLDER!!American Indian and Alaska Native alone"
"S2201_C05_028E","Estimate!!Households not receiving food stamps/SNAP!!Households!!RACE AND HISPANIC OR LATINO ORIGIN OF HOUSEHOLDER!!Asian alone"
"S2201_C05_028M","Margin of Error!!Households not receiving food stamps/SNAP!!Households!!RACE AND HISPANIC OR LATINO ORIGIN OF HOUSEHOLDER!!Asian alone"
"S2201_C05_029E","Estimate!!Households not receiving food stamps/SNAP!!Households!!RACE AND HISPANIC OR LATINO ORIGIN OF HOUSEHOLDER!!Native Hawaiian and Other Pacific Islander alone"
"S2201_C05_029M","Margin of Error!!Households not receiving food stamps/SNAP!!Households!!RACE AND HISPANIC OR LATINO ORIGIN OF HOUSEHOLDER!!Native Hawaiian and Other Pacific Islander alone"
"S2201_C05_030E","Estimate!!Households not receiving food stamps/SNAP!!Households!!RACE AND HISPANIC OR LATINO ORIGIN OF HOUSEHOLDER!!Some other race alone"
"S2201_C05_030M","Margin of Error!!Households not receiving food stamps/SNAP!!Households!!RACE AND HISPANIC OR LATINO ORIGIN OF HOUSEHOLDER!!Some other race alone"
"S2201_C05_031E","Estimate!!Households not receiving food stamps/SNAP!!Households!!RACE AND HISPANIC OR LATINO ORIGIN OF HOUSEHOLDER!!Two or more races"
"S2201_C05_031M","Margin of Error!!Households not receiving food stamps/SNAP!!Households!!RACE AND HISPANIC OR LATINO ORIGIN OF HOUSEHOLDER!!Two or more races"
"S2201_C05_032E","Estimate!!Households not receiving food stamps/SNAP!!Households!!RACE AND HISPANIC OR LATINO ORIGIN OF HOUSEHOLDER!!Hispanic or Latino origin (of any race)"
"S2201_C05_032M","Margin of Error!!Households not receiving food stamps/SNAP!!Households!!RACE AND HISPANIC OR LATINO ORIGIN OF HOUSEHOLDER!!Hispanic or Latino origin (of any race)"
"S2201_C05_033E","Estimate!!Households not receiving food stamps/SNAP!!Households!!RACE AND HISPANIC OR LATINO ORIGIN OF HOUSEHOLDER!!White alone, not Hispanic or Latino"
"S2201_C05_033M","Margin of Error!!Households not receiving food stamps/SNAP!!Households!!RACE AND HISPANIC OR LATINO ORIGIN OF HOUSEHOLDER!!White alone, not Hispanic or Latino"
"S2201_C05_034E","Estimate!!Households not receiving food stamps/SNAP!!Households!!HOUSEHOLD INCOME IN THE PAST 12 MONTHS (IN 2019 INFLATION-ADJUSTED DOLLARS)!!Median income (dollars)"
"S2201_C05_034M","Margin of Error!!Households not receiving food stamps/SNAP!!Households!!HOUSEHOLD INCOME IN THE PAST 12 MONTHS (IN 2019 INFLATION-ADJUSTED DOLLARS)!!Median income (dollars)"
"S2201_C05_035E","Estimate!!Households not receiving food stamps/SNAP!!WORK STATUS!!Families"
"S2201_C05_035M","Margin of Error!!Households not receiving food stamps/SNAP!!WORK STATUS!!Families"
"S2201_C05_036E","Estimate!!Households not receiving food stamps/SNAP!!WORK STATUS!!Families!!No workers in past 12 months"
"S2201_C05_036M","Margin of Error!!Households not receiving food stamps/SNAP!!WORK STATUS!!Families!!No workers in past 12 months"
"S2201_C05_037E","Estimate!!Households not receiving food stamps/SNAP!!WORK STATUS!!Families!!1 worker in past 12 months"
"S2201_C05_037M","Margin of Error!!Households not receiving food stamps/SNAP!!WORK STATUS!!Families!!1 worker in past 12 months"
"S2201_C05_038E","Estimate!!Households not receiving food stamps/SNAP!!WORK STATUS!!Families!!2 or more workers in past 12 months"
"S2201_C05_038M","Margin of Error!!Households not receiving food stamps/SNAP!!WORK STATUS!!Families!!2 or more workers in past 12 months"
"S2201_C06_001E","Estimate!!Percent households not receiving food stamps/SNAP!!Households"
"S2201_C06_001M","Margin of Error!!Percent households not receiving food stamps/SNAP!!Households"
"S2201_C06_002E","Estimate!!Percent households not receiving food stamps/SNAP!!Households!!With one or more people in the household 60 years and over"
"S2201_C06_002M","Margin of Error!!Percent households not receiving food stamps/SNAP!!Households!!With one or more people in the household 60 years and over"
"S2201_C06_003E","Estimate!!Percent households not receiving food stamps/SNAP!!Households!!No people in the household 60 years and over"
"S2201_C06_003M","Margin of Error!!Percent households not receiving food stamps/SNAP!!Households!!No people in the household 60 years and over"
"S2201_C06_004E","Estimate!!Percent households not receiving food stamps/SNAP!!Households!!Married-couple family"
"S2201_C06_004M","Margin of Error!!Percent households not receiving food stamps/SNAP!!Households!!Married-couple family"
"S2201_C06_005E","Estimate!!Percent households not receiving food stamps/SNAP!!Households!!Other family:"
"S2201_C06_005M","Margin of Error!!Percent households not receiving food stamps/SNAP!!Households!!Other family:"
"S2201_C06_006E","Estimate!!Percent households not receiving food stamps/SNAP!!Households!!Other family:!!Male householder, no spouse present"
"S2201_C06_006M","Margin of Error!!Percent households not receiving food stamps/SNAP!!Households!!Other family:!!Male householder, no spouse present"
"S2201_C06_007E","Estimate!!Percent households not receiving food stamps/SNAP!!Households!!Other family:!!Female householder, no spouse present"
"S2201_C06_007M","Margin of Error!!Percent households not receiving food stamps/SNAP!!Households!!Other family:!!Female householder, no spouse present"
"S2201_C06_008E","Estimate!!Percent households not receiving food stamps/SNAP!!Households!!Nonfamily households"
"S2201_C06_008M","Margin of Error!!Percent households not receiving food stamps/SNAP!!Households!!Nonfamily households"
"S2201_C06_009E","Estimate!!Percent households not receiving food stamps/SNAP!!Households!!With children under 18 years"
"S2201_C06_009M","Margin of Error!!Percent households not receiving food stamps/SNAP!!Households!!With children under 18 years"
"S2201_C06_010E","Estimate!!Percent households not receiving food stamps/SNAP!!Households!!With children under 18 years!!Married-couple family"
"S2201_C06_010M","Margin of Error!!Percent households not receiving food stamps/SNAP!!Households!!With children under 18 years!!Married-couple family"
"S2201_C06_011E","Estimate!!Percent households not receiving food stamps/SNAP!!Households!!With children under 18 years!!Other family:"
"S2201_C06_011M","Margin of Error!!Percent households not receiving food stamps/SNAP!!Households!!With children under 18 years!!Other family:"
"S2201_C06_012E","Estimate!!Percent households not receiving food stamps/SNAP!!Households!!With children under 18 years!!Other family:!!Male householder, no spouse present"
"S2201_C06_012M","Margin of Error!!Percent households not receiving food stamps/SNAP!!Households!!With children under 18 years!!Other family:!!Male householder, no spouse present"
"S2201_C06_013E","Estimate!!Percent households not receiving food stamps/SNAP!!Households!!With children under 18 years!!Other family:!!Female householder, no spouse present"
"S2201_C06_013M","Margin of Error!!Percent households not receiving food stamps/SNAP!!Households!!With children under 18 years!!Other family:!!Female householder, no spouse present"
"S2201_C06_014E","Estimate!!Percent households not receiving food stamps/SNAP!!Households!!With children under 18 years!!Nonfamily households"
"S2201_C06_014M","Margin of Error!!Percent households not receiving food stamps/SNAP!!Households!!With children under 18 years!!Nonfamily households"
"S2201_C06_015E","Estimate!!Percent households not receiving food stamps/SNAP!!Households!!No children under 18 years"
"S2201_C06_015M","Margin of Error!!Percent households not receiving food stamps/SNAP!!Households!!No children under 18 years"
"S2201_C06_016E","Estimate!!Percent households not receiving food stamps/SNAP!!Households!!No children under 18 years!!Married-couple family"
"S2201_C06_016M","Margin of Error!!Percent households not receiving food stamps/SNAP!!Households!!No children under 18 years!!Married-couple family"
"S2201_C06_017E","Estimate!!Percent households not receiving food stamps/SNAP!!Households!!No children under 18 years!!Other family:"
"S2201_C06_017M","Margin of Error!!Percent households not receiving food stamps/SNAP!!Households!!No children under 18 years!!Other family:"
"S2201_C06_018E","Estimate!!Percent households not receiving food stamps/SNAP!!Households!!No children under 18 years!!Other family:!!Male householder, no spouse present"
"S2201_C06_018M","Margin of Error!!Percent households not receiving food stamps/SNAP!!Households!!No children under 18 years!!Other family:!!Male householder, no spouse present"
"S2201_C06_019E","Estimate!!Percent households not receiving food stamps/SNAP!!Households!!No children under 18 years!!Other family:!!Female householder, no spouse present"
"S2201_C06_019M","Margin of Error!!Percent households not receiving food stamps/SNAP!!Households!!No children under 18 years!!Other family:!!Female householder, no spouse present"
"S2201_C06_020E","Estimate!!Percent households not receiving food stamps/SNAP!!Households!!No children under 18 years!!Nonfamily households"
"S2201_C06_020M","Margin of Error!!Percent households not receiving food stamps/SNAP!!Households!!No children under 18 years!!Nonfamily households"
"S2201_C06_021E","Estimate!!Percent households not receiving food stamps/SNAP!!Households!!POVERTY STATUS IN THE PAST 12 MONTHS!!Below poverty level"
"S2201_C06_021M","Margin of Error!!Percent households not receiving food stamps/SNAP!!Households!!POVERTY STATUS IN THE PAST 12 MONTHS!!Below poverty level"
"S2201_C06_022E","Estimate!!Percent households not receiving food stamps/SNAP!!Households!!POVERTY STATUS IN THE PAST 12 MONTHS!!At or above  poverty level"
"S2201_C06_022M","Margin of Error!!Percent households not receiving food stamps/SNAP!!Households!!POVERTY STATUS IN THE PAST 12 MONTHS!!At or above  poverty level"
"S2201_C06_023E","Estimate!!Percent households not receiving food stamps/SNAP!!Households!!DISABILITY STATUS!!With one or more people with a disability"
"S2201_C06_023M","Margin of Error!!Percent households not receiving food stamps/SNAP!!Households!!DISABILITY STATUS!!With one or more people with a disability"
"S2201_C06_024E","Estimate!!Percent households not receiving food stamps/SNAP!!Households!!DISABILITY STATUS!!With no persons with a disability"
"S2201_C06_024M","Margin of Error!!Percent households not receiving food stamps/SNAP!!Households!!DISABILITY STATUS!!With no persons with a disability"
"S2201_C06_025E","Estimate!!Percent households not receiving food stamps/SNAP!!Households!!RACE AND HISPANIC OR LATINO ORIGIN OF HOUSEHOLDER!!White alone"
"S2201_C06_025M","Margin of Error!!Percent households not receiving food stamps/SNAP!!Households!!RACE AND HISPANIC OR LATINO ORIGIN OF HOUSEHOLDER!!White alone"
"S2201_C06_026E","Estimate!!Percent households not receiving food stamps/SNAP!!Households!!RACE AND HISPANIC OR LATINO ORIGIN OF HOUSEHOLDER!!Black or African American alone"
"S2201_C06_026M","Margin of Error!!Percent households not receiving food stamps/SNAP!!Households!!RACE AND HISPANIC OR LATINO ORIGIN OF HOUSEHOLDER!!Black or African American alone"
"S2201_C06_027E","Estimate!!Percent households not receiving food stamps/SNAP!!Households!!RACE AND HISPANIC OR LATINO ORIGIN OF HOUSEHOLDER!!American Indian and Alaska Native alone"
"S2201_C06_027M","Margin of Error!!Percent households not receiving food stamps/SNAP!!Households!!RACE AND HISPANIC OR LATINO ORIGIN OF HOUSEHOLDER!!American Indian and Alaska Native alone"
"S2201_C06_028E","Estimate!!Percent households not receiving food stamps/SNAP!!Households!!RACE AND HISPANIC OR LATINO ORIGIN OF HOUSEHOLDER!!Asian alone"
"S2201_C06_028M","Margin of Error!!Percent households not receiving food stamps/SNAP!!Households!!RACE AND HISPANIC OR LATINO ORIGIN OF HOUSEHOLDER!!Asian alone"
"S2201_C06_029E","Estimate!!Percent households not receiving food stamps/SNAP!!Households!!RACE AND HISPANIC OR LATINO ORIGIN OF HOUSEHOLDER!!Native Hawaiian and Other Pacific Islander alone"
"S2201_C06_029M","Margin of Error!!Percent households not receiving food stamps/SNAP!!Households!!RACE AND HISPANIC OR LATINO ORIGIN OF HOUSEHOLDER!!Native Hawaiian and Other Pacific Islander alone"
"S2201_C06_030E","Estimate!!Percent households not receiving food stamps/SNAP!!Households!!RACE AND HISPANIC OR LATINO ORIGIN OF HOUSEHOLDER!!Some other race alone"
"S2201_C06_030M","Margin of Error!!Percent households not receiving food stamps/SNAP!!Households!!RACE AND HISPANIC OR LATINO ORIGIN OF HOUSEHOLDER!!Some other race alone"
"S2201_C06_031E","Estimate!!Percent households not receiving food stamps/SNAP!!Households!!RACE AND HISPANIC OR LATINO ORIGIN OF HOUSEHOLDER!!Two or more races"
"S2201_C06_031M","Margin of Error!!Percent households not receiving food stamps/SNAP!!Households!!RACE AND HISPANIC OR LATINO ORIGIN OF HOUSEHOLDER!!Two or more races"
"S2201_C06_032E","Estimate!!Percent households not receiving food stamps/SNAP!!Households!!RACE AND HISPANIC OR LATINO ORIGIN OF HOUSEHOLDER!!Hispanic or Latino origin (of any race)"
"S2201_C06_032M","Margin of Error!!Percent households not receiving food stamps/SNAP!!Households!!RACE AND HISPANIC OR LATINO ORIGIN OF HOUSEHOLDER!!Hispanic or Latino origin (of any race)"
"S2201_C06_033E","Estimate!!Percent households not receiving food stamps/SNAP!!Households!!RACE AND HISPANIC OR LATINO ORIGIN OF HOUSEHOLDER!!White alone, not Hispanic or Latino"
"S2201_C06_033M","Margin of Error!!Percent households not receiving food stamps/SNAP!!Households!!RACE AND HISPANIC OR LATINO ORIGIN OF HOUSEHOLDER!!White alone, not Hispanic or Latino"
"S2201_C06_034E","Estimate!!Percent households not receiving food stamps/SNAP!!Households!!HOUSEHOLD INCOME IN THE PAST 12 MONTHS (IN 2019 INFLATION-ADJUSTED DOLLARS)!!Median income (dollars)"
"S2201_C06_034M","Margin of Error!!Percent households not receiving food stamps/SNAP!!Households!!HOUSEHOLD INCOME IN THE PAST 12 MONTHS (IN 2019 INFLATION-ADJUSTED DOLLARS)!!Median income (dollars)"
"S2201_C06_035E","Estimate!!Percent households not receiving food stamps/SNAP!!WORK STATUS!!Families"
"S2201_C06_035M","Margin of Error!!Percent households not receiving food stamps/SNAP!!WORK STATUS!!Families"
"S2201_C06_036E","Estimate!!Percent households not receiving food stamps/SNAP!!WORK STATUS!!Families!!No workers in past 12 months"
"S2201_C06_036M","Margin of Error!!Percent households not receiving food stamps/SNAP!!WORK STATUS!!Families!!No workers in past 12 months"
"S2201_C06_037E","Estimate!!Percent households not receiving food stamps/SNAP!!WORK STATUS!!Families!!1 worker in past 12 months"
"S2201_C06_037M","Margin of Error!!Percent households not receiving food stamps/SNAP!!WORK STATUS!!Families!!1 worker in past 12 months"
"S2201_C06_038E","Estimate!!Percent households not receiving food stamps/SNAP!!WORK STATUS!!Families!!2 or more workers in past 12 months"
"S2201_C06_038M","Margin of Error!!Percent households not receiving food stamps/SNAP!!WORK STATUS!!Families!!2 or more workers in past 12 months"
